Davide,Di Donato,daiv@asdm
Giancarol,Pasqualo,asjdas@ajsd
Davide,Di Donato,davide364@gmail.com
Davide,Di Donato,davide364@gmail.com
Davide,Di Donato,davide364@gmail.com
Davide,Davide,as@xn--sd-xia
Davide,Di Donato,aidasd@asda
Davide,Davide,asdasd@gmail.com
Davide,Davide,asdasda@asdnasd
Davide,Davide,dasda@asdasd
Davide,Di Donato,davide@gmail.ot
Davide,Di Donato,stucazz@gmail.com
Davide,Davide,Davide@asdad.it
Davide,Di Donato,davide@gmasd.it
Davide,Di Donato,asdasd@asdad.it
Davide,Di Donato,bobobob@gasdasd.it
Davide,Di Donato,asdasdasdasd@asdad.it
Davide,Di Donato,asdasd@asda.it
Davide,Di Donato,davasd@asdads.it
Davide,Di Donato,asdasd@asdas.it
Davide,Di Donato,asdasdas@asd.it
Davide,Di Donato,asdasd@asdasd.it
Davide,Di Donato,asdasd@asdasd.it
Davide,Di Donato,asdasdasd@asdads.it
Davide,Di Donatoa,zsdasd@asdasd.it
Davide,asda,asdasd@asdasd.it
Davide,Di Donato,asdasda@asdas.it
Davide,Di DOnato,asdasd@asdasd.it
Davide,Di Donado,asdasda@asdasd.it
Davide,Di Donato,asdasd@asdasd.it
Davide,asdasd,sadasd
,,
Davide,Di Donato,davide364@gmail.com
Davide,Di Donato,davide364@gmail.com
Davide,Di Donato,asdasd@asdasd.it
Davide,Di Donato,asdasd
,,
,,
,,
,,
,,
Davide,Sbronz,dasasdas@asdasd.it
Davide,Stu cazz,asdasd@asdasd.it
Davide,Di Donato,dasdasd@asdasd.it
Davide,Di Donato,asdasd@asdasd.it
Davide,Di Donato,risolto@gmail.com
Davide,DASD,ASDASD@ASD.IT
Davide,Di Donato,asdasd@asdasd.it
Davideasd,asdad,asdasd@dasda.it
Davide,Di Donato,davide3@gmail.com
Davide,Di Donato,asdasd@asdas.it
Davide,Di Donato,dadas@asd.it
Davide,Di Donato,dasd@asdasd.it
Davide,Davide,hbhbh@hhjn.it
Davide,Di Donato,dasdasd@asdsad.it
test,testest,dasd@dasda.it
Davide,asdasd,asdasd@asda.it
Davide,dasd,asdasd@asdas.it
asd,asdasd,adsdasd@qwqwea.it
asd,dasda,dasda@qweqwe.it
Davide,Di Donato,dasdasdad@asdasd.it
Davide,Di Donato,asdasd@asdasd.it
Davide,Di Donato,asdasd@asdas.it
asdad,dasdad,asdas@asdad.itasda,asdad,asdasd@asdasd.it
Davide,Di Donato,asdasd@asdasd.it
Davide,Di Donato,asdasd@asdasd.it
Davide,Di Donato,dasd@asdas.it
Davide,Di Donato,dasd@asdas.it
Davide,Di Donato,asdasd@asd.it
Davide,Di Donato,asdad@asd.it
Davide,Di Donato,asdasd@asd.it
Davide,Di Donato,asdasd@asd.it
Davide,Di Donato,asdasd@asd.it
Davide,Di Donato,asdasd@asd.it
Davide,Di Donato,asdasdas@asd.it
Davide,Di Donato,asdasd@asda.it
Davide,Di Donato,asdasda@asd.it
Davide,Di Donato,asdasdas@asd.it
